cluster,n_patients,percent,age_mean,age_std,aki_stage_mean,stage_1_pct,stage_2_pct,stage_3_pct,cr_fold_change_mean
1,11402,74.0678186306353,0.011505917925844248,0.7031732743478168,1.7396070864760569,57.5600771794422,10.91913699350991,31.520785827047888,0.07525264330886641
2,1,0.006496037417175523,0.5238095238095238,,3.0,0.0,0.0,100.0,-1.3525542466309015
3,3736,24.269195790567753,-0.2781049250535332,0.7435563973710934,1.9191648822269807,47.43040685224839,13.222698072805139,39.34689507494647,0.059749488760785986
4,2,0.012992074834351046,0.6904761904761905,0.1683587574253685,1.5,50.0,50.0,0.0,0.8204601180210935
5,1,0.006496037417175523,-0.8095238095238095,,3.0,0.0,0.0,100.0,-1.3864434120531677
6,252,1.6370014291282315,-0.05952380952380952,0.7135280241125462,1.873015873015873,49.60317460317461,13.492063492063492,36.904761904761905,0.12000083050799502
