Model,Val_ROC_AUC,Val_PR_AUC,Val_F1,Test_ROC_AUC,Test_PR_AUC,Test_F1
Logistic Regression (Tuned),0.7905356062518403,0.6721665636736998,0.6225226571100192,0.7758966144473787,0.6587865902958272,0.6089643847395041
Random Forest (Tuned),0.8587068850573636,0.7864260375026815,0.6293848807219304,0.8475951485014537,0.7735276223073502,0.6218280361361046
XGBoost (Tuned),0.8508776571804645,0.7695613600352185,0.6802077417419039,0.8421139271495559,0.7565842235407749,0.6760104535139511
MLP (Tuned),0.8052621867803746,0.6911766493816521,0.5848361521285895,0.8012470157067213,0.6898557973930343,0.585146970681126
